country_code,Region,year,ExternalDebtStocks_LongTerm_CurrentUSD,GrossPSD_Total_AllMaturities_USD,GrossPSD_Total_LongTerm_USD,GrossPSD_Total_ShortTerm_USD,InterestPayments_PercentofExpense,PresentValue_ExternalDebt_USD,TotalDebtService_Percent,id
ABW,Latin America and the Caribbean,2021,0.00,,,,0.00,0.00,0.00,
ABW,Latin America and the Caribbean,2022,0.00,,,,0.00,0.00,0.00,
ABW,Latin America and the Caribbean,2023,0.00,,,,0.00,0.00,0.00,
AFE,Region Summary,2021,0.00,,,,8.76,0.00,5.85,
AFE,Region Summary,2022,0.00,,,,10.32,0.00,5.40,
AFE,Region Summary,2023,0.00,,,,0.00,0.00,4.72,
AFG,South Asia,2021,1925714305.00,,,,0.00,0.00,0.18,
AFG,South Asia,2022,1877151115.00,,,,0.00,0.00,0.18,
AFG,South Asia,2023,1874433293.00,,,,0.00,2846973317.00,0.25,
AFW,Region Summary,2021,0.00,,,,0.00,0.00,2.79,
AFW,Region Summary,2022,0.00,,,,0.00,0.00,2.82,
AFW,Region Summary,2023,0.00,,,,0.00,0.00,3.24,
AGO,Sub-Saharan Africa,2021,55508015507.00,,,,0.00,0.00,16.30,
AGO,Sub-Saharan Africa,2022,50669254279.00,,,,0.00,0.00,15.86,
AGO,Sub-Saharan Africa,2023,46651516910.00,,,,0.00,46196293466.00,16.35,
ALB,Europe and Central Asia,2021,9094400773.00,16778606714.00,9866892202.00,6911714512.00,7.87,0.00,4.98,
ALB,Europe and Central Asia,2022,8504934929.00,17037020394.00,9943680906.00,7093339488.00,0.00,0.00,3.78,
ALB,Europe and Central Asia,2023,9585649421.00,19817475497.00,11047903872.00,8769571625.00,0.00,5599604657.00,3.65,
AND,Europe and Central Asia,2021,0.00,,,,0.00,0.00,0.00,
AND,Europe and Central Asia,2022,0.00,,,,0.00,0.00,0.00,
AND,Europe and Central Asia,2023,0.00,,,,0.00,0.00,0.00,
ARB,Region Summary,2021,0.00,,,,0.00,0.00,0.00,
ARB,Region Summary,2022,0.00,,,,0.00,0.00,0.00,
ARB,Region Summary,2023,0.00,,,,0.00,0.00,0.00,
ARE,Middle East and North Africa,2021,0.00,,,,0.40,0.00,0.00,
ARE,Middle East and North Africa,2022,0.00,,,,1.22,0.00,0.00,
ARE,Middle East and North Africa,2023,0.00,,,,0.00,0.00,0.00,
ARG,Latin America and the Caribbean,2021,175000000000.00,0.00,0.00,0.00,6.52,0.00,5.86,
ARG,Latin America and the Caribbean,2022,165000000000.00,0.00,0.00,0.00,7.76,0.00,5.72,
ARG,Latin America and the Caribbean,2023,164000000000.00,0.00,0.00,0.00,0.00,83278986031.00,7.24,
ARM,Europe and Central Asia,2021,11780711039.00,0.00,0.00,0.00,10.36,0.00,14.12,
ARM,Europe and Central Asia,2022,11931469229.00,0.00,0.00,0.00,11.02,0.00,10.48,
ARM,Europe and Central Asia,2023,12062333251.00,0.00,0.00,0.00,0.00,6351738599.00,11.84,
ASM,East Asia and Pacific,2021,0.00,,,,0.00,0.00,0.00,
ASM,East Asia and Pacific,2022,0.00,,,,0.00,0.00,0.00,
ASM,East Asia and Pacific,2023,0.00,,,,0.00,0.00,0.00,
ATG,Latin America and the Caribbean,2021,0.00,,,,0.00,0.00,0.00,
ATG,Latin America and the Caribbean,2022,0.00,,,,0.00,0.00,0.00,
ATG,Latin America and the Caribbean,2023,0.00,,,,0.00,0.00,0.00,
AUS,East Asia and Pacific,2021,0.00,2270000000000.00,1680000000000.00,586000000000.00,2.57,0.00,0.00,
AUS,East Asia and Pacific,2022,0.00,2260000000000.00,1630000000000.00,633000000000.00,2.97,0.00,0.00,
AUS,East Asia and Pacific,2023,0.00,2210000000000.00,1630000000000.00,584000000000.00,0.00,0.00,0.00,
AUT,Europe and Central Asia,2021,0.00,0.00,0.00,0.00,2.26,0.00,0.00,
AUT,Europe and Central Asia,2022,0.00,0.00,0.00,0.00,2.03,0.00,0.00,
AUT,Europe and Central Asia,2023,0.00,0.00,0.00,0.00,0.00,0.00,0.00,
AZE,Europe and Central Asia,2021,14907605528.00,,,,2.47,0.00,4.00,
AZE,Europe and Central Asia,2022,14066728472.00,,,,2.05,0.00,2.21,
AZE,Europe and Central Asia,2023,13210640306.00,,,,0.00,12574182882.00,2.66,
BDI,Sub-Saharan Africa,2021,575775997.10,,,,3.33,0.00,1.07,
BDI,Sub-Saharan Africa,2022,578318610.30,,,,0.00,0.00,0.99,
BDI,Sub-Saharan Africa,2023,607085974.90,,,,0.00,858402110.80,1.68,
BEL,Europe and Central Asia,2021,0.00,0.00,0.00,0.00,3.48,0.00,0.00,
BEL,Europe and Central Asia,2022,0.00,0.00,0.00,0.00,3.11,0.00,0.00,
BEL,Europe and Central Asia,2023,0.00,0.00,0.00,0.00,0.00,0.00,0.00,
BEN,Sub-Saharan Africa,2021,7882427461.00,,,,0.00,0.00,4.41,
BEN,Sub-Saharan Africa,2022,8276962606.00,,,,0.00,0.00,2.99,
BEN,Sub-Saharan Africa,2023,9458471906.00,,,,0.00,6792193667.00,4.87,
BFA,Sub-Saharan Africa,2021,9709646104.00,0.00,0.00,0.00,9.70,0.00,2.65,
BFA,Sub-Saharan Africa,2022,9316997706.00,0.00,0.00,0.00,9.08,0.00,5.96,
BFA,Sub-Saharan Africa,2023,9765043223.00,0.00,0.00,0.00,0.00,3976881955.00,4.41,
BGD,South Asia,2021,70088387624.00,197000000000.00,156000000000.00,41092999614.00,24.03,0.00,1.30,
BGD,South Asia,2022,75509404887.00,203000000000.00,162000000000.00,40614117144.00,0.00,0.00,1.42,
BGD,South Asia,2023,83284235879.00,204000000000.00,167000000000.00,36800888169.00,0.00,63056265348.00,1.64,
BGR,Europe and Central Asia,2021,0.00,0.00,0.00,0.00,1.21,0.00,0.00,
BGR,Europe and Central Asia,2022,0.00,0.00,0.00,0.00,0.93,0.00,0.00,
BGR,Europe and Central Asia,2023,0.00,0.00,0.00,0.00,0.00,0.00,0.00,
BHR,Middle East and North Africa,2021,0.00,,,,0.00,0.00,0.00,
BHR,Middle East and North Africa,2022,0.00,,,,0.00,0.00,0.00,
BHR,Middle East and North Africa,2023,0.00,,,,0.00,0.00,0.00,
BHS,Latin America and the Caribbean,2021,0.00,,,,14.23,0.00,0.00,
BHS,Latin America and the Caribbean,2022,0.00,,,,17.79,0.00,0.00,
BHS,Latin America and the Caribbean,2023,0.00,,,,0.00,0.00,0.00,
BIH,Europe and Central Asia,2021,10105629935.00,0.00,0.00,0.00,1.60,0.00,6.38,
BIH,Europe and Central Asia,2022,9714212460.00,0.00,0.00,0.00,1.59,0.00,4.17,
BIH,Europe and Central Asia,2023,10189244733.00,0.00,0.00,0.00,2.11,5601541884.00,6.13,
BLR,Europe and Central Asia,2021,29858918417.00,,,,4.94,0.00,6.47,
BLR,Europe and Central Asia,2022,28354790751.00,,,,3.23,0.00,9.63,
BLR,Europe and Central Asia,2023,24952537507.00,,,,5.39,18095792547.00,11.46,
BLZ,Latin America and the Caribbean,2021,1380903826.00,,,,0.00,0.00,26.40,
BLZ,Latin America and the Caribbean,2022,1400415199.00,,,,0.00,0.00,2.83,
BLZ,Latin America and the Caribbean,2023,1440022704.00,,,,0.00,1287396580.00,3.86,
BMU,North America,2021,0.00,,,,0.00,0.00,0.00,
BMU,North America,2022,0.00,,,,0.00,0.00,0.00,
BMU,North America,2023,0.00,,,,0.00,0.00,0.00,
BOL,Latin America and the Caribbean,2021,14714482256.00,0.00,0.00,0.00,0.00,0.00,4.15,
BOL,Latin America and the Caribbean,2022,14774862744.00,0.00,0.00,0.00,0.00,0.00,5.63,
BOL,Latin America and the Caribbean,2023,14984901072.00,0.00,0.00,0.00,0.00,11953122532.00,3.90,
BRA,Latin America and the Caribbean,2021,474000000000.00,0.00,0.00,0.00,20.58,0.00,10.00,
BRA,Latin America and the Caribbean,2022,494000000000.00,0.00,0.00,0.00,22.44,0.00,6.63,
BRA,Latin America and the Caribbean,2023,509000000000.00,0.00,0.00,0.00,24.14,205000000000.00,10.74,
BRB,Latin America and the Caribbean,2021,0.00,0.00,0.00,0.00,0.00,0.00,0.00,
BRB,Latin America and the Caribbean,2022,0.00,0.00,0.00,0.00,0.00,0.00,0.00,
BRB,Latin America and the Caribbean,2023,0.00,0.00,0.00,0.00,0.00,0.00,0.00,
BRN,East Asia and Pacific,2021,0.00,,,,0.00,0.00,0.00,
BRN,East Asia and Pacific,2022,0.00,,,,0.00,0.00,0.00,
BRN,East Asia and Pacific,2023,0.00,,,,0.00,0.00,0.00,
BTN,South Asia,2021,3230164538.00,,,,0.00,0.00,5.05,
BTN,South Asia,2022,3120739643.00,,,,0.00,0.00,4.81,
BTN,South Asia,2023,3233877816.00,,,,0.00,2922905826.00,0.00,
BWA,Sub-Saharan Africa,2021,1496573925.00,0.00,0.00,0.00,1.97,0.00,0.86,
BWA,Sub-Saharan Africa,2022,1562715266.00,0.00,0.00,0.00,2.56,0.00,0.87,
BWA,Sub-Saharan Africa,2023,1457909838.00,0.00,0.00,0.00,0.00,1772049654.00,1.28,
CAF,Sub-Saharan Africa,2021,438633642.00,,,,5.17,0.00,0.66,
CAF,Sub-Saharan Africa,2022,429856219.10,,,,0.00,0.00,0.80,
CAF,Sub-Saharan Africa,2023,442796838.20,,,,0.00,776149104.90,1.41,
CAN,North America,2021,0.00,3250000000000.00,0.00,0.00,4.40,0.00,0.00,
CAN,North America,2022,0.00,3220000000000.00,0.00,0.00,6.05,0.00,0.00,
CAN,North America,2023,0.00,3180000000000.00,0.00,0.00,7.61,0.00,0.00,
CEB,Region Summary,2021,0.00,,,,2.52,0.00,0.00,
CEB,Region Summary,2022,0.00,,,,2.73,0.00,0.00,
CEB,Region Summary,2023,0.00,,,,0.00,0.00,0.00,
CHE,Europe and Central Asia,2021,0.00,0.00,0.00,0.00,0.58,0.00,0.00,
CHE,Europe and Central Asia,2022,0.00,0.00,0.00,0.00,0.71,0.00,0.00,
CHE,Europe and Central Asia,2023,0.00,0.00,0.00,0.00,0.00,0.00,0.00,
CHI,Europe and Central Asia,2021,0.00,,,,0.00,0.00,0.00,
CHI,Europe and Central Asia,2022,0.00,,,,0.00,0.00,0.00,
CHI,Europe and Central Asia,2023,0.00,,,,0.00,0.00,0.00,
CHL,Latin America and the Caribbean,2021,0.00,0.00,0.00,0.00,2.78,0.00,0.00,
CHL,Latin America and the Caribbean,2022,0.00,0.00,0.00,0.00,4.13,0.00,0.00,
CHL,Latin America and the Caribbean,2023,0.00,0.00,0.00,0.00,0.00,0.00,0.00,
CHN,East Asia and Pacific,2021,1230000000000.00,0.00,0.00,0.00,0.00,0.00,1.91,
CHN,East Asia and Pacific,2022,1130000000000.00,0.00,0.00,0.00,0.00,0.00,2.42,
CHN,East Asia and Pacific,2023,1080000000000.00,0.00,0.00,0.00,0.00,497000000000.00,2.18,
CIV,Sub-Saharan Africa,2021,23932785570.00,35735027948.00,35094362655.00,640665293.40,11.87,0.00,2.45,
CIV,Sub-Saharan Africa,2022,26798259503.00,37440524380.00,36918110927.00,522413453.10,11.91,0.00,3.10,
CIV,Sub-Saharan Africa,2023,29561955091.00,45282734704.00,44568724510.00,714010194.60,0.00,27931278494.00,4.69,
CMR,Sub-Saharan Africa,2021,12949938357.00,,,,7.79,0.00,4.38,
CMR,Sub-Saharan Africa,2022,12357415038.00,,,,0.00,0.00,4.18,
CMR,Sub-Saharan Africa,2023,12385861468.00,,,,0.00,11811226916.00,3.59,
COD,Sub-Saharan Africa,2021,5395726251.00,0.00,0.00,0.00,0.82,0.00,0.60,
COD,Sub-Saharan Africa,2022,5566560567.00,0.00,0.00,0.00,0.68,0.00,0.62,
COD,Sub-Saharan Africa,2023,6467510547.00,0.00,0.00,0.00,0.00,8566272457.00,0.76,
COG,Sub-Saharan Africa,2021,7590329383.00,,,,11.51,0.00,2.99,
COG,Sub-Saharan Africa,2022,7141041840.00,,,,0.00,0.00,6.23,
COG,Sub-Saharan Africa,2023,6875467270.00,,,,0.00,6750342032.00,5.31,
COL,Latin America and the Caribbean,2021,147000000000.00,217000000000.00,208000000000.00,9306134184.00,10.29,0.00,8.09,
COL,Latin America and the Caribbean,2022,156000000000.00,227000000000.00,217000000000.00,10317973023.00,13.30,0.00,8.05,
COL,Latin America and the Caribbean,2023,169000000000.00,251000000000.00,237000000000.00,14031914953.00,0.00,110000000000.00,7.94,
COM,Sub-Saharan Africa,2021,306940520.60,,,,0.00,0.00,0.27,
COM,Sub-Saharan Africa,2022,329855627.50,,,,0.00,0.00,0.39,
COM,Sub-Saharan Africa,2023,348112436.80,,,,0.00,319435993.20,1.39,
CPV,Sub-Saharan Africa,2021,1982475341.00,,,,0.00,0.00,2.96,
CPV,Sub-Saharan Africa,2022,1920322850.00,,,,0.00,0.00,5.25,
CPV,Sub-Saharan Africa,2023,1933793921.00,,,,0.00,1549507569.00,6.49,
CRI,Latin America and the Caribbean,2021,27458196442.00,51051814877.00,50612429681.00,439385195.80,16.25,0.00,4.60,
CRI,Latin America and the Caribbean,2022,29864324721.00,52929065434.00,52627948148.00,301117285.70,16.03,0.00,4.04,
CRI,Latin America and the Caribbean,2023,31377966114.00,62954992134.00,62336178869.00,618813265.70,0.00,15890402268.00,6.31,
CSS,Region Summary,2021,0.00,,,,0.00,0.00,0.00,
CSS,Region Summary,2022,0.00,,,,0.00,0.00,0.00,
CSS,Region Summary,2023,0.00,,,,0.00,0.00,0.00,
CUB,Latin America and the Caribbean,2021,0.00,,,,0.00,0.00,0.00,
CUB,Latin America and the Caribbean,2022,0.00,,,,0.00,0.00,0.00,
CUB,Latin America and the Caribbean,2023,0.00,,,,0.00,0.00,0.00,
CUW,Latin America and the Caribbean,2021,0.00,,,,0.00,0.00,0.00,
CUW,Latin America and the Caribbean,2022,0.00,,,,0.00,0.00,0.00,
CUW,Latin America and the Caribbean,2023,0.00,,,,0.00,0.00,0.00,
CYM,Latin America and the Caribbean,2021,0.00,,,,0.00,0.00,0.00,
CYM,Latin America and the Caribbean,2022,0.00,,,,0.00,0.00,0.00,
CYM,Latin America and the Caribbean,2023,0.00,,,,0.00,0.00,0.00,
CYP,Europe and Central Asia,2021,0.00,0.00,0.00,0.00,4.31,0.00,0.00,
CYP,Europe and Central Asia,2022,0.00,0.00,0.00,0.00,3.93,0.00,0.00,
CYP,Europe and Central Asia,2023,0.00,0.00,0.00,0.00,0.00,0.00,0.00,
CZE,Europe and Central Asia,2021,0.00,0.00,0.00,0.00,1.98,0.00,0.00,
CZE,Europe and Central Asia,2022,0.00,0.00,0.00,0.00,3.07,0.00,0.00,
CZE,Europe and Central Asia,2023,0.00,0.00,0.00,0.00,0.00,0.00,0.00,
DEU,Europe and Central Asia,2021,0.00,0.00,0.00,0.00,0.87,0.00,0.00,
DEU,Europe and Central Asia,2022,0.00,0.00,0.00,0.00,1.34,0.00,0.00,
DEU,Europe and Central Asia,2023,0.00,0.00,0.00,0.00,0.00,0.00,0.00,
DJI,Middle East and North Africa,2021,2427068217.00,,,,0.00,0.00,1.84,
DJI,Middle East and North Africa,2022,2439115289.00,,,,0.00,0.00,2.07,
DJI,Middle East and North Africa,2023,2846358659.00,,,,0.00,2671932854.00,2.53,
DMA,Latin America and the Caribbean,2021,335482942.70,,,,0.00,0.00,4.50,
DMA,Latin America and the Caribbean,2022,356748100.80,,,,0.00,0.00,6.72,
DMA,Latin America and the Caribbean,2023,378619160.50,,,,0.00,328025926.40,7.19,
DNK,Europe and Central Asia,2021,0.00,0.00,0.00,0.00,1.34,0.00,0.00,
DNK,Europe and Central Asia,2022,0.00,0.00,0.00,0.00,1.96,0.00,0.00,
DNK,Europe and Central Asia,2023,0.00,0.00,0.00,0.00,0.00,0.00,0.00,
DOM,Latin America and the Caribbean,2021,39973161083.00,59255103431.00,59251322334.00,15124386.08,17.50,0.00,3.96,
DOM,Latin America and the Caribbean,2022,43552980698.00,66300668456.00,66300668456.00,0.00,16.21,0.00,3.28,
DOM,Latin America and the Caribbean,2023,46917295606.00,71579314892.00,71579314892.00,0.00,0.00,33791197618.00,4.42,
DZA,Middle East and North Africa,2021,1476063370.00,,,,0.00,0.00,0.11,
DZA,Middle East and North Africa,2022,1290522237.00,,,,0.00,0.00,0.14,
DZA,Middle East and North Africa,2023,1274563508.00,,,,0.00,4839222679.00,0.19,
EAP,Region Summary,2021,2010000000000.00,,,,11.01,0.00,2.30,
EAP,Region Summary,2022,1900000000000.00,,,,12.27,0.00,2.83,
EAP,Region Summary,2023,1850000000000.00,,,,0.00,923000000000.00,2.64,
EAR,Other summary,2021,0.00,,,,9.50,0.00,4.03,
EAR,Other summary,2022,0.00,,,,11.83,0.00,3.80,
EAR,Other summary,2023,0.00,,,,0.00,0.00,3.79,
EAS,Region Summary,2021,0.00,,,,5.45,0.00,0.00,
EAS,Region Summary,2022,0.00,,,,6.02,0.00,2.83,
EAS,Region Summary,2023,0.00,,,,0.00,0.00,2.64,
ECA,Region Summary,2021,767000000000.00,,,,4.85,0.00,9.15,
ECA,Region Summary,2022,772000000000.00,,,,4.00,0.00,8.84,
ECA,Region Summary,2023,829000000000.00,,,,0.00,408000000000.00,8.11,
ECS,Region Summary,2021,0.00,,,,2.98,0.00,0.00,
ECS,Region Summary,2022,0.00,,,,3.19,0.00,0.00,
ECS,Region Summary,2023,0.00,,,,0.00,0.00,0.00,
ECU,Latin America and the Caribbean,2021,48680280652.00,,,,3.66,0.00,6.24,
ECU,Latin America and the Caribbean,2022,49373483088.00,,,,4.74,0.00,4.65,
ECU,Latin America and the Caribbean,2023,49590821905.00,,,,0.00,42649465291.00,5.73,
EGY,Middle East and North Africa,2021,109000000000.00,,,,0.00,0.00,4.47,
EGY,Middle East and North Africa,2022,111000000000.00,,,,0.00,0.00,3.89,
EGY,Middle East and North Africa,2023,119000000000.00,,,,0.00,121000000000.00,5.65,
EMU,Region Summary,2021,0.00,,,,2.78,0.00,0.00,
EMU,Region Summary,2022,0.00,,,,2.92,0.00,0.00,
EMU,Region Summary,2023,0.00,,,,0.00,0.00,0.00,
ERI,Sub-Saharan Africa,2021,680385138.60,,,,0.00,0.00,0.00,
ERI,Sub-Saharan Africa,2022,634610040.90,,,,0.00,0.00,0.00,
ERI,Sub-Saharan Africa,2023,628285476.20,,,,0.00,513130646.50,0.00,
ESP,Europe and Central Asia,2021,0.00,0.00,0.00,0.00,4.89,0.00,0.00,
ESP,Europe and Central Asia,2022,0.00,0.00,0.00,0.00,5.85,0.00,0.00,
ESP,Europe and Central Asia,2023,0.00,0.00,0.00,0.00,0.00,0.00,0.00,
EST,Europe and Central Asia,2021,0.00,0.00,0.00,0.00,0.23,0.00,0.00,
EST,Europe and Central Asia,2022,0.00,0.00,0.00,0.00,0.24,0.00,0.00,
EST,Europe and Central Asia,2023,0.00,0.00,0.00,0.00,0.00,0.00,0.00,
ETH,Sub-Saharan Africa,2021,30152182984.00,,,,7.03,0.00,1.82,
ETH,Sub-Saharan Africa,2022,29046978825.00,,,,10.32,0.00,1.59,
ETH,Sub-Saharan Africa,2023,31914034150.00,,,,9.03,27165992931.00,0.96,
EUU,Region Summary,2021,0.00,,,,2.72,0.00,0.00,
EUU,Region Summary,2022,0.00,,,,3.07,0.00,0.00,
EUU,Region Summary,2023,0.00,,,,0.00,0.00,0.00,
FCS,Other summary,2021,0.00,,,,0.00,0.00,3.97,
FCS,Other summary,2022,0.00,,,,0.00,0.00,3.07,
FCS,Other summary,2023,0.00,,,,0.00,0.00,2.78,
FIN,Europe and Central Asia,2021,0.00,0.00,0.00,0.00,1.18,0.00,0.00,
FIN,Europe and Central Asia,2022,0.00,0.00,0.00,0.00,1.29,0.00,0.00,
FIN,Europe and Central Asia,2023,0.00,0.00,0.00,0.00,0.00,0.00,0.00,
FJI,East Asia and Pacific,2021,1904631358.00,0.00,0.00,0.00,11.76,0.00,3.31,
FJI,East Asia and Pacific,2022,2264666882.00,0.00,0.00,0.00,0.00,0.00,4.09,
FJI,East Asia and Pacific,2023,2337596197.00,0.00,0.00,0.00,0.00,1499294063.00,4.26,
FRA,Europe and Central Asia,2021,0.00,0.00,0.00,0.00,2.72,0.00,0.00,
FRA,Europe and Central Asia,2022,0.00,0.00,0.00,0.00,3.81,0.00,0.00,
FRA,Europe and Central Asia,2023,0.00,0.00,0.00,0.00,0.00,0.00,0.00,
FRO,Europe and Central Asia,2021,0.00,,,,0.00,0.00,0.00,
FRO,Europe and Central Asia,2022,0.00,,,,0.00,0.00,0.00,
FRO,Europe and Central Asia,2023,0.00,,,,0.00,0.00,0.00,
FSM,East Asia and Pacific,2021,0.00,,,,0.00,0.00,0.00,
FSM,East Asia and Pacific,2022,0.00,,,,0.00,0.00,0.00,
FSM,East Asia and Pacific,2023,0.00,,,,0.00,0.00,0.00,
GAB,Sub-Saharan Africa,2021,6389438820.00,,,,20.36,0.00,6.74,
GAB,Sub-Saharan Africa,2022,6193049926.00,,,,0.00,0.00,3.04,
GAB,Sub-Saharan Africa,2023,6090214800.00,,,,0.00,6671965928.00,6.33,
GBR,Europe and Central Asia,2021,0.00,6180000000000.00,0.00,105000000000.00,6.35,0.00,0.00,
GBR,Europe and Central Asia,2022,0.00,5760000000000.00,0.00,75181624713.00,10.44,0.00,0.00,
GBR,Europe and Central Asia,2023,0.00,6190000000000.00,0.00,111000000000.00,7.76,0.00,0.00,
GEO,Europe and Central Asia,2021,18524110107.00,15669830261.00,11762364729.00,3907465532.00,4.85,0.00,15.22,
GEO,Europe and Central Asia,2022,19089391183.00,16708082392.00,12186937574.00,4521144818.00,4.20,0.00,14.36,
GEO,Europe and Central Asia,2023,19238122679.00,18636474704.00,13548506642.00,5087968061.00,0.00,9790562506.00,12.53,
GHA,Sub-Saharan Africa,2021,35251780055.00,,,,34.99,0.00,5.41,
GHA,Sub-Saharan Africa,2022,34895057936.00,,,,32.79,0.00,6.46,
GHA,Sub-Saharan Africa,2023,36353558558.00,,,,0.00,30241996822.00,1.71,
GIB,Europe and Central Asia,2021,0.00,,,,0.00,0.00,0.00,
GIB,Europe and Central Asia,2022,0.00,,,,0.00,0.00,0.00,
GIB,Europe and Central Asia,2023,0.00,,,,0.00,0.00,0.00,
GIN,Sub-Saharan Africa,2021,3539699852.00,,,,0.00,0.00,0.95,
GIN,Sub-Saharan Africa,2022,3772771373.00,,,,0.00,0.00,1.07,
GIN,Sub-Saharan Africa,2023,4021210042.00,,,,0.00,3980739794.00,1.50,
GMB,Sub-Saharan Africa,2021,847178880.40,,,,0.00,0.00,2.18,
GMB,Sub-Saharan Africa,2022,891354908.20,,,,0.00,0.00,1.91,
GMB,Sub-Saharan Africa,2023,982634486.90,,,,0.00,971426386.40,2.34,
GNB,Sub-Saharan Africa,2021,923671111.70,,,,0.00,0.00,2.89,
GNB,Sub-Saharan Africa,2022,976283529.50,,,,0.00,0.00,3.41,
GNB,Sub-Saharan Africa,2023,1018181455.00,,,,0.00,962442117.60,2.82,
GNQ,Sub-Saharan Africa,2021,0.00,,,,10.44,0.00,0.00,
GNQ,Sub-Saharan Africa,2022,0.00,,,,9.94,0.00,0.00,
GNQ,Sub-Saharan Africa,2023,0.00,,,,0.00,0.00,0.00,
GRC,Europe and Central Asia,2021,0.00,0.00,0.00,0.00,4.90,0.00,0.00,
GRC,Europe and Central Asia,2022,0.00,0.00,0.00,0.00,5.16,0.00,0.00,
GRC,Europe and Central Asia,2023,0.00,0.00,0.00,0.00,0.00,0.00,0.00,
GRD,Latin America and the Caribbean,2021,556410980.60,,,,0.00,0.00,4.90,
GRD,Latin America and the Caribbean,2022,565772095.60,,,,0.00,0.00,4.66,
GRD,Latin America and the Caribbean,2023,605738922.40,,,,0.00,551287785.00,4.48,
GRL,Europe and Central Asia,2021,0.00,,,,0.00,0.00,0.00,
GRL,Europe and Central Asia,2022,0.00,,,,0.00,0.00,0.00,
GRL,Europe and Central Asia,2023,0.00,,,,0.00,0.00,0.00,
GTM,Latin America and the Caribbean,2021,24093737572.00,25688538470.00,25688538470.00,0.00,12.84,0.00,2.00,
GTM,Latin America and the Caribbean,2022,24153202828.00,26979152315.00,26979152315.00,0.00,11.69,0.00,4.42,
GTM,Latin America and the Caribbean,2023,24461739265.00,27880956716.00,27880956716.00,0.00,0.00,12242842171.00,1.71,
GUM,East Asia and Pacific,2021,0.00,,,,0.00,0.00,0.00,
GUM,East Asia and Pacific,2022,0.00,,,,0.00,0.00,0.00,
GUM,East Asia and Pacific,2023,0.00,,,,0.00,0.00,0.00,
GUY,Latin America and the Caribbean,2021,1467305760.00,,,,0.00,0.00,1.71,
GUY,Latin America and the Caribbean,2022,1668002847.00,,,,0.00,0.00,1.59,
GUY,Latin America and the Caribbean,2023,2541674086.00,,,,0.00,1897852219.00,3.52,
HIC,Other summary,2021,0.00,,,,2.80,0.00,0.00,
HIC,Other summary,2022,0.00,,,,3.07,0.00,0.00,
HIC,Other summary,2023,0.00,,,,0.00,0.00,0.00,
HKG,East Asia and Pacific,2021,0.00,,,,0.00,0.00,0.00,
HKG,East Asia and Pacific,2022,0.00,,,,0.00,0.00,0.00,
HKG,East Asia and Pacific,2023,0.00,,,,0.00,0.00,0.00,
HND,Latin America and the Caribbean,2021,10391783583.00,17766082541.00,12873704269.00,4892378271.00,0.00,0.00,4.66,
HND,Latin America and the Caribbean,2022,10600629833.00,17561650201.00,13119679014.00,4441971188.00,0.00,0.00,5.77,
HND,Latin America and the Caribbean,2023,10345182402.00,17531744927.00,13517250404.00,4014494524.00,0.00,8341560698.00,5.47,
HPC,Other summary,2021,0.00,,,,10.23,0.00,4.13,
HPC,Other summary,2022,0.00,,,,0.00,0.00,3.74,
HPC,Other summary,2023,0.00,,,,0.00,0.00,3.12,
HRV,Europe and Central Asia,2021,0.00,0.00,0.00,0.00,3.66,0.00,0.00,
HRV,Europe and Central Asia,2022,0.00,0.00,0.00,0.00,3.79,0.00,0.00,
HRV,Europe and Central Asia,2023,0.00,0.00,0.00,0.00,0.00,0.00,0.00,
HTI,Latin America and the Caribbean,2021,2102667113.00,,,,0.00,0.00,0.12,
HTI,Latin America and the Caribbean,2022,2116873714.00,,,,0.00,0.00,0.23,
HTI,Latin America and the Caribbean,2023,2084800488.00,,,,0.00,2129969001.00,0.32,
HUN,Europe and Central Asia,2021,0.00,0.00,0.00,0.00,5.40,0.00,0.00,
HUN,Europe and Central Asia,2022,0.00,0.00,0.00,0.00,6.63,0.00,0.00,
HUN,Europe and Central Asia,2023,0.00,0.00,0.00,0.00,0.00,0.00,0.00,
IBD,Other summary,2021,0.00,,,,7.33,0.00,3.41,
IBD,Other summary,2022,0.00,,,,7.73,0.00,3.54,
IBD,Other summary,2023,0.00,,,,0.00,0.00,3.75,
IBT,Other summary,2021,0.00,,,,8.29,0.00,3.40,
IBT,Other summary,2022,0.00,,,,9.75,0.00,3.51,
IBT,Other summary,2023,0.00,,,,0.00,0.00,3.72,
IDA,Other summary,2021,0.00,,,,9.70,0.00,3.32,
IDA,Other summary,2022,0.00,,,,0.00,0.00,3.26,
IDA,Other summary,2023,0.00,,,,0.00,0.00,3.46,
IDB,Other summary,2021,0.00,,,,7.79,0.00,3.27,
IDB,Other summary,2022,0.00,,,,0.00,0.00,3.70,
IDB,Other summary,2023,0.00,,,,0.00,0.00,4.64,
IDN,East Asia and Pacific,2021,362000000000.00,896000000000.00,555000000000.00,340000000000.00,12.98,0.00,5.76,
IDN,East Asia and Pacific,2022,339000000000.00,924000000000.00,588000000000.00,336000000000.00,12.48,0.00,5.88,
IDN,East Asia and Pacific,2023,343000000000.00,1000000000000.00,609000000000.00,395000000000.00,0.00,237000000000.00,4.37,
IDX,Other summary,2021,559000000000.00,,,,9.80,0.00,3.35,
IDX,Other summary,2022,575000000000.00,,,,0.00,0.00,2.94,
IDX,Other summary,2023,617000000000.00,,,,0.00,437000000000.00,2.76,
IMN,Europe and Central Asia,2021,0.00,,,,0.00,0.00,0.00,
IMN,Europe and Central Asia,2022,0.00,,,,0.00,0.00,0.00,
IMN,Europe and Central Asia,2023,0.00,,,,0.00,0.00,0.00,
IND,South Asia,2021,474000000000.00,,,,0.00,0.00,1.66,
IND,South Asia,2022,466000000000.00,,,,23.23,0.00,1.99,
IND,South Asia,2023,498000000000.00,,,,0.00,220000000000.00,2.34,
INX,Not Classified,2021,0.00,,,,0.00,0.00,0.00,
INX,Not Classified,2022,0.00,,,,0.00,0.00,0.00,
INX,Not Classified,2023,0.00,,,,0.00,0.00,0.00,
IRL,Europe and Central Asia,2021,0.00,0.00,0.00,0.00,3.29,0.00,0.00,
IRL,Europe and Central Asia,2022,0.00,0.00,0.00,0.00,3.32,0.00,0.00,
IRL,Europe and Central Asia,2023,0.00,0.00,0.00,0.00,0.00,0.00,0.00,
IRN,Middle East and North Africa,2021,1059723274.00,,,,0.00,0.00,0.09,
IRN,Middle East and North Africa,2022,1124069185.00,,,,0.00,0.00,0.04,
IRN,Middle East and North Africa,2023,1115504480.00,,,,0.00,6770911563.00,0.09,
IRQ,Middle East and North Africa,2021,20616612737.00,,,,0.00,0.00,1.98,
IRQ,Middle East and North Africa,2022,17938846988.00,,,,0.00,0.00,1.62,
IRQ,Middle East and North Africa,2023,15698548004.00,,,,0.00,16091808514.00,1.78,
ISL,Europe and Central Asia,2021,0.00,0.00,0.00,0.00,10.19,0.00,0.00,
ISL,Europe and Central Asia,2022,0.00,0.00,0.00,0.00,15.49,0.00,0.00,
ISL,Europe and Central Asia,2023,0.00,0.00,0.00,0.00,14.74,0.00,0.00,
ISR,Middle East and North Africa,2021,0.00,0.00,0.00,0.00,7.25,0.00,0.00,
ISR,Middle East and North Africa,2022,0.00,0.00,0.00,0.00,9.57,0.00,0.00,
ISR,Middle East and North Africa,2023,0.00,0.00,0.00,0.00,0.00,0.00,0.00,
ITA,Europe and Central Asia,2021,0.00,0.00,0.00,0.00,6.91,0.00,0.00,
ITA,Europe and Central Asia,2022,0.00,0.00,0.00,0.00,8.50,0.00,0.00,
ITA,Europe and Central Asia,2023,0.00,0.00,0.00,0.00,0.00,0.00,0.00,
JAM,Latin America and the Caribbean,2021,11975268033.00,,,,0.00,0.00,9.96,
JAM,Latin America and the Caribbean,2022,12007712141.00,,,,0.00,0.00,8.86,
JAM,Latin America and the Caribbean,2023,11120315391.00,,,,0.00,9776217903.00,12.69,
JOR,Middle East and North Africa,2021,23935634632.00,,,,0.00,0.00,6.80,
JOR,Middle East and North Africa,2022,22837609849.00,,,,14.32,0.00,9.55,
JOR,Middle East and North Africa,2023,26122608969.00,,,,0.00,21765710565.00,7.70,
JPN,East Asia and Pacific,2021,0.00,0.00,0.00,0.00,6.16,0.00,0.00,
JPN,East Asia and Pacific,2022,0.00,0.00,0.00,0.00,6.26,0.00,0.00,
JPN,East Asia and Pacific,2023,0.00,0.00,0.00,0.00,0.00,0.00,0.00,
KAZ,Europe and Central Asia,2021,147000000000.00,38958523619.00,36832441283.00,2126082335.00,6.80,0.00,18.01,
KAZ,Europe and Central Asia,2022,143000000000.00,33262494124.00,32052954212.00,1209539911.00,7.73,0.00,21.76,
KAZ,Europe and Central Asia,2023,142000000000.00,30152737497.00,29476689915.00,676047581.80,8.68,26440529244.00,18.86,
KEN,Sub-Saharan Africa,2021,35871207402.00,67927693671.00,62001717243.00,5925976428.00,17.47,0.00,2.26,
KEN,Sub-Saharan Africa,2022,35606016558.00,63308643090.00,60692525228.00,2616117862.00,17.11,0.00,2.96,
KEN,Sub-Saharan Africa,2023,36295438589.00,57849850867.00,57471013367.00,378837499.30,16.38,33483634025.00,3.65,
KGZ,Europe and Central Asia,2021,7824691257.00,0.00,0.00,0.00,2.98,0.00,6.85,
KGZ,Europe and Central Asia,2022,8131905310.00,0.00,0.00,0.00,3.19,0.00,5.14,
KGZ,Europe and Central Asia,2023,8414743560.00,0.00,0.00,0.00,3.16,3917641317.00,8.55,
KHM,East Asia and Pacific,2021,15260673127.00,0.00,0.00,0.00,1.98,0.00,6.15,
KHM,East Asia and Pacific,2022,17529152463.00,0.00,0.00,0.00,0.00,0.00,6.50,
KHM,East Asia and Pacific,2023,17823586872.00,0.00,0.00,0.00,0.00,8846069461.00,5.94,
KIR,East Asia and Pacific,2021,0.00,,,,0.79,0.00,0.00,
KIR,East Asia and Pacific,2022,0.00,,,,0.82,0.00,0.00,
KIR,East Asia and Pacific,2023,0.00,,,,0.75,0.00,0.00,
KNA,Latin America and the Caribbean,2021,0.00,,,,0.00,0.00,0.00,
KNA,Latin America and the Caribbean,2022,0.00,,,,0.00,0.00,0.00,
KNA,Latin America and the Caribbean,2023,0.00,,,,0.00,0.00,0.00,
KOR,East Asia and Pacific,2021,0.00,1200000000000.00,1010000000000.00,196000000000.00,3.30,0.00,0.00,
KOR,East Asia and Pacific,2022,0.00,1250000000000.00,1050000000000.00,206000000000.00,3.46,0.00,0.00,
KOR,East Asia and Pacific,2023,0.00,0.00,0.00,0.00,0.00,0.00,0.00,
KWT,Middle East and North Africa,2021,0.00,,,,0.00,0.00,0.00,
KWT,Middle East and North Africa,2022,0.00,,,,0.00,0.00,0.00,
KWT,Middle East and North Africa,2023,0.00,,,,0.00,0.00,0.00,
LAC,Region Summary,2021,1640000000000.00,,,,10.71,0.00,7.42,
LAC,Region Summary,2022,1650000000000.00,,,,11.83,0.00,5.53,
LAC,Region Summary,2023,1690000000000.00,,,,0.00,930000000000.00,7.11,
LAO,East Asia and Pacific,2021,18150762148.00,,,,11.01,0.00,12.89,
LAO,East Asia and Pacific,2022,17925880667.00,,,,16.99,0.00,7.64,
LAO,East Asia and Pacific,2023,19744437117.00,,,,0.00,9852521425.00,8.19,
LBN,Middle East and North Africa,2021,52923122335.00,0.00,0.00,0.00,15.23,0.00,28.65,
LBN,Middle East and North Africa,2022,50499951048.00,0.00,0.00,0.00,0.00,0.00,18.86,
LBN,Middle East and North Africa,2023,48084690342.00,0.00,0.00,0.00,0.00,41991213648.00,0.00,
LBR,Sub-Saharan Africa,2021,1050196858.00,,,,0.00,0.00,1.83,
LBR,Sub-Saharan Africa,2022,1146565735.00,,,,0.00,0.00,2.14,
LBR,Sub-Saharan Africa,2023,1351029051.00,,,,0.00,1486583335.00,3.13,
LBY,Middle East and North Africa,2021,0.00,,,,0.00,0.00,0.00,
LBY,Middle East and North Africa,2022,0.00,,,,0.00,0.00,0.00,
LBY,Middle East and North Africa,2023,0.00,,,,0.00,0.00,0.00,
LCA,Latin America and the Caribbean,2021,721654654.20,0.00,0.00,0.00,0.00,0.00,2.53,
LCA,Latin America and the Caribbean,2022,736649842.20,0.00,0.00,0.00,0.00,0.00,2.40,
LCA,Latin America and the Caribbean,2023,930117382.00,0.00,0.00,0.00,0.00,930267483.30,3.09,
LCN,Region Summary,2021,0.00,,,,10.71,0.00,7.41,
LCN,Region Summary,2022,0.00,,,,11.76,0.00,5.52,
LCN,Region Summary,2023,0.00,,,,0.00,0.00,7.11,
LDC,Other summary,2021,0.00,,,,0.00,0.00,3.57,
LDC,Other summary,2022,0.00,,,,0.00,0.00,3.33,
LDC,Other summary,2023,0.00,,,,0.00,0.00,3.10,
LIC,Other summary,2021,186000000000.00,,,,0.00,0.00,3.83,
LIC,Other summary,2022,189000000000.00,,,,0.00,0.00,2.66,
LIC,Other summary,2023,198000000000.00,,,,0.00,132000000000.00,2.27,
LIE,Europe and Central Asia,2021,0.00,,,,0.00,0.00,0.00,
LIE,Europe and Central Asia,2022,0.00,,,,0.00,0.00,0.00,
LIE,Europe and Central Asia,2023,0.00,,,,0.00,0.00,0.00,
LKA,South Asia,2021,47522804715.00,0.00,0.00,0.00,34.08,0.00,5.48,
LKA,South Asia,2022,47801549230.00,0.00,0.00,0.00,41.32,0.00,4.62,
LKA,South Asia,2023,51602903242.00,0.00,0.00,0.00,49.44,43519974283.00,3.46,
LMC,Other summary,2021,1670000000000.00,,,,9.90,0.00,2.98,
LMC,Other summary,2022,1670000000000.00,,,,0.00,0.00,3.20,
LMC,Other summary,2023,1770000000000.00,,,,0.00,1170000000000.00,3.49,
LMY,Other summary,2021,6090000000000.00,,,,8.97,0.00,3.40,
LMY,Other summary,2022,5980000000000.00,,,,0.00,0.00,3.52,
LMY,Other summary,2023,6110000000000.00,,,,0.00,3500000000000.00,3.72,
LSO,Sub-Saharan Africa,2021,1632850907.00,0.00,0.00,0.00,3.25,0.00,3.40,
LSO,Sub-Saharan Africa,2022,1613463544.00,0.00,0.00,0.00,3.99,0.00,2.91,
LSO,Sub-Saharan Africa,2023,1595453298.00,0.00,0.00,0.00,0.00,999336959.90,5.07,
LTE,Other summary,2021,0.00,,,,4.60,0.00,3.02,
LTE,Other summary,2022,0.00,,,,4.06,0.00,3.33,
LTE,Other summary,2023,0.00,,,,0.00,0.00,3.66,
LTU,Europe and Central Asia,2021,0.00,0.00,0.00,0.00,1.43,0.00,0.00,
LTU,Europe and Central Asia,2022,0.00,0.00,0.00,0.00,1.04,0.00,0.00,
LTU,Europe and Central Asia,2023,0.00,0.00,0.00,0.00,0.00,0.00,0.00,
LUX,Europe and Central Asia,2021,0.00,0.00,0.00,0.00,0.39,0.00,0.00,
LUX,Europe and Central Asia,2022,0.00,0.00,0.00,0.00,0.38,0.00,0.00,
LUX,Europe and Central Asia,2023,0.00,0.00,0.00,0.00,0.00,0.00,0.00,
LVA,Europe and Central Asia,2021,0.00,0.00,0.00,0.00,1.33,0.00,0.00,
LVA,Europe and Central Asia,2022,0.00,0.00,0.00,0.00,1.30,0.00,0.00,
LVA,Europe and Central Asia,2023,0.00,0.00,0.00,0.00,0.00,0.00,0.00,
MAC,East Asia and Pacific,2021,0.00,,,,0.00,0.00,0.00,
MAC,East Asia and Pacific,2022,0.00,,,,0.00,0.00,0.00,
MAC,East Asia and Pacific,2023,0.00,,,,0.00,0.00,0.00,
MAF,Latin America and the Caribbean,2021,0.00,,,,0.00,0.00,0.00,
MAF,Latin America and the Caribbean,2022,0.00,,,,0.00,0.00,0.00,
MAF,Latin America and the Caribbean,2023,0.00,,,,0.00,0.00,0.00,
MAR,Middle East and North Africa,2021,52524064482.00,0.00,0.00,0.00,8.29,0.00,4.73,
MAR,Middle East and North Africa,2022,51137107785.00,0.00,0.00,0.00,7.62,0.00,4.66,
MAR,Middle East and North Africa,2023,55330533879.00,0.00,0.00,0.00,0.00,44352528457.00,4.07,
MCO,Europe and Central Asia,2021,0.00,,,,0.00,0.00,0.00,
MCO,Europe and Central Asia,2022,0.00,,,,0.00,0.00,0.00,
MCO,Europe and Central Asia,2023,0.00,,,,0.00,0.00,0.00,
MDA,Europe and Central Asia,2021,5772340914.00,4395029872.00,3486472340.00,908557532.60,2.62,0.00,5.01,
MDA,Europe and Central Asia,2022,6267739701.00,4636300104.00,3686977950.00,949322153.30,2.99,0.00,4.74,
MDA,Europe and Central Asia,2023,6637628437.00,5744386712.00,4506119289.00,1238267424.00,0.00,2851724990.00,7.87,
MDG,Sub-Saharan Africa,2021,3810776280.00,0.00,0.00,0.00,6.02,0.00,1.18,
MDG,Sub-Saharan Africa,2022,4440902781.00,0.00,0.00,0.00,5.55,0.00,1.46,
MDG,Sub-Saharan Africa,2023,4980338748.00,0.00,0.00,0.00,0.00,3991383899.00,1.73,
MDV,South Asia,2021,3545317054.00,0.00,0.00,0.00,8.84,0.00,17.01,
MDV,South Asia,2022,3476174961.00,0.00,0.00,0.00,0.00,0.00,12.71,
MDV,South Asia,2023,3835721648.00,0.00,0.00,0.00,0.00,3232564545.00,8.57,
MEA,Region Summary,2021,0.00,,,,0.00,0.00,0.00,
MEA,Region Summary,2022,0.00,,,,0.00,0.00,0.00,
MEA,Region Summary,2023,0.00,,,,0.00,0.00,0.00,
MEX,Latin America and the Caribbean,2021,538000000000.00,678000000000.00,639000000000.00,38679488728.00,13.90,0.00,6.18,
MEX,Latin America and the Caribbean,2022,516000000000.00,739000000000.00,708000000000.00,31404754020.00,14.86,0.00,3.93,
MEX,Latin America and the Caribbean,2023,520000000000.00,891000000000.00,849000000000.00,42476355755.00,15.77,313000000000.00,3.11,
MHL,East Asia and Pacific,2021,0.00,,,,0.00,0.00,0.00,
MHL,East Asia and Pacific,2022,0.00,,,,0.00,0.00,0.00,
MHL,East Asia and Pacific,2023,0.00,,,,0.00,0.00,0.00,
MIC,Other summary,2021,5900000000000.00,,,,8.97,0.00,3.39,
MIC,Other summary,2022,5800000000000.00,,,,9.90,0.00,3.53,
MIC,Other summary,2023,5910000000000.00,,,,0.00,3370000000000.00,3.75,
MKD,Europe and Central Asia,2021,7955263492.00,0.00,0.00,0.00,3.74,0.00,11.52,
MKD,Europe and Central Asia,2022,7961580849.00,0.00,0.00,0.00,0.00,0.00,8.11,
MKD,Europe and Central Asia,2023,8934140529.00,0.00,0.00,0.00,0.00,5845339136.00,11.58,
MLI,Sub-Saharan Africa,2021,5343752322.00,,,,0.00,0.00,1.59,
MLI,Sub-Saharan Africa,2022,5296788500.00,,,,0.00,0.00,1.72,
MLI,Sub-Saharan Africa,2023,5540991605.00,,,,0.00,4535244478.00,1.83,
MLT,Middle East and North Africa,2021,0.00,0.00,0.00,0.00,2.72,0.00,0.00,
MLT,Middle East and North Africa,2022,0.00,0.00,0.00,0.00,2.54,0.00,0.00,
MLT,Middle East and North Africa,2023,0.00,0.00,0.00,0.00,0.00,0.00,0.00,
MMR,East Asia and Pacific,2021,11966458423.00,,,,0.00,0.00,1.35,
MMR,East Asia and Pacific,2022,10831698543.00,,,,0.00,0.00,1.55,
MMR,East Asia and Pacific,2023,10487748018.00,,,,0.00,9291813773.00,1.39,
MNA,Region Summary,2021,300000000000.00,,,,0.00,0.00,2.98,
MNA,Region Summary,2022,292000000000.00,,,,0.00,0.00,2.56,
MNA,Region Summary,2023,304000000000.00,,,,0.00,293000000000.00,2.75,
MNE,Europe and Central Asia,2021,9024043263.00,,,,0.00,0.00,14.99,
MNE,Europe and Central Asia,2022,8331182034.00,,,,0.00,0.00,15.05,
MNE,Europe and Central Asia,2023,8269469317.00,,,,0.00,3784789946.00,10.28,
MNG,East Asia and Pacific,2021,32812793707.00,0.00,0.00,0.00,6.01,0.00,20.36,
MNG,East Asia and Pacific,2022,31098280498.00,0.00,0.00,0.00,0.00,0.00,26.42,
MNG,East Asia and Pacific,2023,32028335651.00,0.00,0.00,0.00,0.00,8894361604.00,26.79,
MNP,East Asia and Pacific,2021,0.00,,,,0.00,0.00,0.00,
MNP,East Asia and Pacific,2022,0.00,,,,0.00,0.00,0.00,
MNP,East Asia and Pacific,2023,0.00,,,,0.00,0.00,0.00,
MOZ,Sub-Saharan Africa,2021,59860987802.00,,,,10.95,0.00,44.90,
MOZ,Sub-Saharan Africa,2022,62571929066.00,,,,11.30,0.00,33.15,
MOZ,Sub-Saharan Africa,2023,64843341463.00,,,,0.00,8920242621.00,22.81,
MRT,Sub-Saharan Africa,2021,4039411146.00,,,,0.00,0.00,4.49,
MRT,Sub-Saharan Africa,2022,3823221740.00,,,,0.00,0.00,3.61,
MRT,Sub-Saharan Africa,2023,3749372024.00,,,,0.00,3385113802.00,3.68,
MUS,Sub-Saharan Africa,2021,6965012976.00,9782774753.00,9237489406.00,545285346.50,6.33,0.00,23.18,
MUS,Sub-Saharan Africa,2022,9004007679.00,10204815398.00,9426846772.00,777968626.00,6.90,0.00,6.72,
MUS,Sub-Saharan Africa,2023,9496040007.00,10998184472.00,10231252697.00,766931774.60,8.41,3769692229.00,12.97,
MWI,Sub-Saharan Africa,2021,2379370320.00,0.00,0.00,0.00,20.32,0.00,0.91,
MWI,Sub-Saharan Africa,2022,2545817452.00,0.00,0.00,0.00,26.35,0.00,1.15,
MWI,Sub-Saharan Africa,2023,2876075401.00,0.00,0.00,0.00,0.00,2550754301.00,1.22,
MYS,East Asia and Pacific,2021,0.00,0.00,0.00,0.00,14.25,0.00,0.00,
MYS,East Asia and Pacific,2022,0.00,0.00,0.00,0.00,12.85,0.00,0.00,
MYS,East Asia and Pacific,2023,0.00,0.00,0.00,0.00,0.00,0.00,0.00,
NAC,Region Summary,2021,0.00,,,,6.15,0.00,0.00,
NAC,Region Summary,2022,0.00,,,,8.78,0.00,0.00,
NAC,Region Summary,2023,0.00,,,,10.94,0.00,0.00,
NAM,Sub-Saharan Africa,2021,0.00,,,,11.48,0.00,0.00,
NAM,Sub-Saharan Africa,2022,0.00,,,,12.84,0.00,0.00,
NAM,Sub-Saharan Africa,2023,0.00,,,,0.00,0.00,0.00,
NCL,East Asia and Pacific,2021,0.00,,,,0.00,0.00,0.00,
NCL,East Asia and Pacific,2022,0.00,,,,0.00,0.00,0.00,
NCL,East Asia and Pacific,2023,0.00,,,,0.00,0.00,0.00,
NER,Sub-Saharan Africa,2021,4237723290.00,,,,0.00,0.00,1.49,
NER,Sub-Saharan Africa,2022,4648921277.00,,,,0.00,0.00,2.02,
NER,Sub-Saharan Africa,2023,4833771078.00,,,,0.00,4197905120.00,1.18,
NGA,Sub-Saharan Africa,2021,68663386000.00,0.00,0.00,0.00,0.00,0.00,1.86,
NGA,Sub-Saharan Africa,2022,72987678322.00,0.00,0.00,0.00,0.00,0.00,1.72,
NGA,Sub-Saharan Africa,2023,75667394754.00,0.00,0.00,0.00,0.00,47022483490.00,2.61,
NIC,Latin America and the Caribbean,2021,12798087833.00,9423179581.00,9412102515.00,11077066.56,7.20,0.00,13.89,
NIC,Latin America and the Caribbean,2022,13084146819.00,9884647874.00,9873624434.00,11023440.04,7.06,0.00,16.82,
NIC,Latin America and the Caribbean,2023,13457709764.00,10167949785.00,10156700949.00,11248835.78,0.00,7251214284.00,13.86,
NLD,Europe and Central Asia,2021,0.00,0.00,0.00,0.00,1.35,0.00,0.00,
NLD,Europe and Central Asia,2022,0.00,0.00,0.00,0.00,1.29,0.00,0.00,
NLD,Europe and Central Asia,2023,0.00,0.00,0.00,0.00,0.00,0.00,0.00,
NOR,Europe and Central Asia,2021,0.00,0.00,0.00,0.00,0.56,0.00,0.00,
NOR,Europe and Central Asia,2022,0.00,0.00,0.00,0.00,0.92,0.00,0.00,
NOR,Europe and Central Asia,2023,0.00,0.00,0.00,0.00,0.00,0.00,0.00,
NPL,South Asia,2021,7925529529.00,0.00,0.00,0.00,4.11,0.00,0.79,
NPL,South Asia,2022,8229380766.00,0.00,0.00,0.00,0.00,0.00,0.82,
NPL,South Asia,2023,8817681854.00,17438911041.00,14310478754.00,3128432287.00,0.00,6489096231.00,1.16,
NRU,East Asia and Pacific,2021,0.00,,,,0.00,0.00,0.00,
NRU,East Asia and Pacific,2022,0.00,,,,0.00,0.00,0.00,
NRU,East Asia and Pacific,2023,0.00,,,,0.00,0.00,0.00,
NZL,East Asia and Pacific,2021,0.00,0.00,0.00,0.00,2.72,0.00,0.00,
NZL,East Asia and Pacific,2022,0.00,0.00,0.00,0.00,2.97,0.00,0.00,
NZL,East Asia and Pacific,2023,0.00,0.00,0.00,0.00,0.00,0.00,0.00,
OED,Other summary,2021,0.00,,,,2.83,0.00,0.00,
OED,Other summary,2022,0.00,,,,3.39,0.00,0.00,
OED,Other summary,2023,0.00,,,,0.00,0.00,0.00,
OMN,Middle East and North Africa,2021,0.00,,,,0.00,0.00,0.00,
OMN,Middle East and North Africa,2022,0.00,,,,0.00,0.00,0.00,
OMN,Middle East and North Africa,2023,0.00,,,,0.00,0.00,0.00,
OSS,Region Summary,2021,0.00,,,,4.31,0.00,0.00,
OSS,Region Summary,2022,0.00,,,,2.08,0.00,0.00,
OSS,Region Summary,2023,0.00,,,,0.00,0.00,0.00,
PAK,South Asia,2021,111000000000.00,0.00,0.00,0.00,0.00,0.00,3.57,
PAK,South Asia,2022,107000000000.00,0.00,0.00,0.00,0.00,0.00,4.51,
PAK,South Asia,2023,110000000000.00,0.00,0.00,0.00,0.00,94270886268.00,4.82,
PAN,Latin America and the Caribbean,2021,0.00,,,,13.36,0.00,0.00,
PAN,Latin America and the Caribbean,2022,0.00,,,,0.00,0.00,0.00,
PAN,Latin America and the Caribbean,2023,0.00,,,,0.00,0.00,0.00,
PER,Latin America and the Caribbean,2021,73882476349.00,0.00,0.00,0.00,6.09,0.00,2.49,
PER,Latin America and the Caribbean,2022,75787982491.00,0.00,0.00,0.00,0.00,0.00,3.24,
PER,Latin America and the Caribbean,2023,74774001689.00,0.00,0.00,0.00,0.00,40900997067.00,5.41,
PHL,East Asia and Pacific,2021,87447089496.00,61465364014.00,61097531859.00,367832155.60,11.56,0.00,2.98,
PHL,East Asia and Pacific,2022,90892856089.00,66320189112.00,65384309880.00,935879232.00,12.27,0.00,2.11,
PHL,East Asia and Pacific,2023,101000000000.00,75292432789.00,74873074227.00,419358562.50,15.31,67114016936.00,2.68,
PLW,East Asia and Pacific,2021,0.00,,,,0.00,0.00,0.00,
PLW,East Asia and Pacific,2022,0.00,,,,0.00,0.00,0.00,
PLW,East Asia and Pacific,2023,0.00,,,,0.00,0.00,0.00,
PNG,East Asia and Pacific,2021,15903497544.00,0.00,0.00,0.00,12.38,0.00,16.54,
PNG,East Asia and Pacific,2022,15705035654.00,0.00,0.00,0.00,11.87,0.00,14.95,
PNG,East Asia and Pacific,2023,14265408991.00,0.00,0.00,0.00,0.00,7387210105.00,19.43,
POL,Europe and Central Asia,2021,0.00,0.00,0.00,0.00,2.82,0.00,0.00,
POL,Europe and Central Asia,2022,0.00,0.00,0.00,0.00,3.81,0.00,0.00,
POL,Europe and Central Asia,2023,0.00,0.00,0.00,0.00,0.00,0.00,0.00,
PRE,Other summary,2021,0.00,,,,10.49,0.00,3.56,
PRE,Other summary,2022,0.00,,,,0.00,0.00,3.35,
PRE,Other summary,2023,0.00,,,,0.00,0.00,3.62,
PRI,Latin America and the Caribbean,2021,0.00,,,,0.00,0.00,0.00,
PRI,Latin America and the Caribbean,2022,0.00,,,,0.00,0.00,0.00,
PRI,Latin America and the Caribbean,2023,0.00,,,,0.00,0.00,0.00,
PRK,East Asia and Pacific,2021,0.00,,,,0.00,0.00,0.00,
PRK,East Asia and Pacific,2022,0.00,,,,0.00,0.00,0.00,
PRK,East Asia and Pacific,2023,0.00,,,,0.00,0.00,0.00,
PRT,Europe and Central Asia,2021,0.00,0.00,0.00,0.00,5.72,0.00,0.00,
PRT,Europe and Central Asia,2022,0.00,0.00,0.00,0.00,4.98,0.00,0.00,
PRT,Europe and Central Asia,2023,0.00,0.00,0.00,0.00,0.00,0.00,0.00,
PRY,Latin America and the Caribbean,2021,20151155775.00,0.00,0.00,0.00,6.54,0.00,3.25,
PRY,Latin America and the Caribbean,2022,22310021648.00,0.00,0.00,0.00,7.46,0.00,5.28,
PRY,Latin America and the Caribbean,2023,23211361577.00,0.00,0.00,0.00,0.00,14153765199.00,4.38,
PSE,Middle East and North Africa,2021,0.00,,,,2.63,0.00,0.00,
PSE,Middle East and North Africa,2022,0.00,,,,0.00,0.00,0.00,
PSE,Middle East and North Africa,2023,0.00,,,,0.00,0.00,0.00,
PSS,Region Summary,2021,0.00,,,,0.00,0.00,2.31,
PSS,Region Summary,2022,0.00,,,,0.00,0.00,3.14,
PSS,Region Summary,2023,0.00,,,,0.00,0.00,3.48,
PST,Other summary,2021,0.00,,,,2.72,0.00,0.00,
PST,Other summary,2022,0.00,,,,3.07,0.00,0.00,
PST,Other summary,2023,0.00,,,,0.00,0.00,0.00,
PYF,East Asia and Pacific,2021,0.00,,,,0.00,0.00,0.00,
PYF,East Asia and Pacific,2022,0.00,,,,0.00,0.00,0.00,
PYF,East Asia and Pacific,2023,0.00,,,,0.00,0.00,0.00,
QAT,Middle East and North Africa,2021,0.00,,,,0.00,0.00,0.00,
QAT,Middle East and North Africa,2022,0.00,,,,0.00,0.00,0.00,
QAT,Middle East and North Africa,2023,0.00,,,,0.00,0.00,0.00,
ROU,Europe and Central Asia,2021,0.00,0.00,0.00,0.00,3.86,0.00,0.00,
ROU,Europe and Central Asia,2022,0.00,0.00,0.00,0.00,3.94,0.00,0.00,
ROU,Europe and Central Asia,2023,0.00,0.00,0.00,0.00,0.00,0.00,0.00,
RUS,Europe and Central Asia,2021,0.00,0.00,0.00,0.00,0.00,0.00,0.00,
RUS,Europe and Central Asia,2022,0.00,0.00,0.00,0.00,0.00,0.00,0.00,
RUS,Europe and Central Asia,2023,0.00,0.00,0.00,0.00,0.00,0.00,0.00,
RWA,Sub-Saharan Africa,2021,8225803187.00,0.00,0.00,0.00,0.00,0.00,5.72,
RWA,Sub-Saharan Africa,2022,8700619334.00,0.00,0.00,0.00,0.00,0.00,2.68,
RWA,Sub-Saharan Africa,2023,10127366897.00,0.00,0.00,0.00,0.00,6087020620.00,3.95,
SAS,Region Summary,2021,719000000000.00,,,,24.03,0.00,1.87,
SAS,Region Summary,2022,713000000000.00,,,,0.00,0.00,2.18,
SAS,Region Summary,2023,761000000000.00,,,,0.00,437000000000.00,2.46,
SAU,Middle East and North Africa,2021,0.00,0.00,0.00,0.00,2.97,0.00,0.00,
SAU,Middle East and North Africa,2022,0.00,0.00,0.00,0.00,2.97,0.00,0.00,
SAU,Middle East and North Africa,2023,0.00,0.00,0.00,0.00,0.00,0.00,0.00,
SDN,Sub-Saharan Africa,2021,15611317636.00,,,,0.00,0.00,9.32,
SDN,Sub-Saharan Africa,2022,15253037017.00,,,,0.00,0.00,0.37,
SDN,Sub-Saharan Africa,2023,15364548060.00,,,,0.00,21877869224.00,0.19,
SEN,Sub-Saharan Africa,2021,24818680149.00,0.00,0.00,0.00,10.55,0.00,7.82,
SEN,Sub-Saharan Africa,2022,27008279130.00,0.00,0.00,0.00,9.86,0.00,7.27,
SEN,Sub-Saharan Africa,2023,32825557406.00,0.00,0.00,0.00,13.20,16004188262.00,9.00,
SGP,East Asia and Pacific,2021,0.00,,,,0.37,0.00,0.00,
SGP,East Asia and Pacific,2022,0.00,,,,0.45,0.00,0.00,
SGP,East Asia and Pacific,2023,0.00,,,,0.00,0.00,0.00,
SLB,East Asia and Pacific,2021,325278146.10,0.00,0.00,0.00,0.70,0.00,0.74,
SLB,East Asia and Pacific,2022,350089295.00,0.00,0.00,0.00,1.27,0.00,0.73,
SLB,East Asia and Pacific,2023,423404833.30,0.00,0.00,0.00,0.00,201528965.30,1.80,
SLE,Sub-Saharan Africa,2021,1386729966.00,,,,0.00,0.00,1.50,
SLE,Sub-Saharan Africa,2022,1346915582.00,,,,0.00,0.00,1.71,
SLE,Sub-Saharan Africa,2023,1344715324.00,,,,0.00,1585529627.00,2.44,
SLV,Latin America and the Caribbean,2021,17067529700.00,23560488769.00,21061402021.00,2499086749.00,11.12,0.00,21.19,
SLV,Latin America and the Caribbean,2022,17974147508.00,24798671491.00,22268665526.00,2530005965.00,11.83,0.00,11.24,
SLV,Latin America and the Caribbean,2023,18951426261.00,21243601246.00,18569851285.00,2673749962.00,13.01,13075722474.00,28.83,
SMR,Europe and Central Asia,2021,0.00,,,,4.19,0.00,0.00,
SMR,Europe and Central Asia,2022,0.00,,,,3.02,0.00,0.00,
SMR,Europe and Central Asia,2023,0.00,,,,0.00,0.00,0.00,
SOM,Sub-Saharan Africa,2021,2313140393.00,,,,0.00,0.00,0.18,
SOM,Sub-Saharan Africa,2022,2311352699.00,,,,0.00,0.00,0.20,
SOM,Sub-Saharan Africa,2023,1996933695.00,,,,0.00,2742955500.00,3.32,
SRB,Europe and Central Asia,2021,37671493348.00,0.00,0.00,0.00,4.36,0.00,8.87,
SRB,Europe and Central Asia,2022,39445411880.00,0.00,0.00,0.00,4.00,0.00,8.98,
SRB,Europe and Central Asia,2023,45317495692.00,0.00,0.00,0.00,0.00,23677283314.00,7.86,
SSA,Region Summary,2021,653000000000.00,,,,10.49,0.00,4.50,
SSA,Region Summary,2022,658000000000.00,,,,0.00,0.00,4.30,
SSA,Region Summary,2023,678000000000.00,,,,0.00,507000000000.00,4.15,
SSD,Sub-Saharan Africa,2021,0.00,,,,0.00,0.00,0.00,
SSD,Sub-Saharan Africa,2022,0.00,,,,0.00,0.00,0.00,
SSD,Sub-Saharan Africa,2023,0.00,,,,0.00,0.00,0.00,
SSF,Region Summary,2021,0.00,,,,10.49,0.00,4.50,
SSF,Region Summary,2022,0.00,,,,0.00,0.00,4.30,
SSF,Region Summary,2023,0.00,,,,0.00,0.00,4.15,
SST,Region Summary,2021,0.00,,,,4.31,0.00,0.00,
SST,Region Summary,2022,0.00,,,,2.08,0.00,0.00,
SST,Region Summary,2023,0.00,,,,0.00,0.00,0.00,
STP,Sub-Saharan Africa,2021,249422828.00,,,,0.00,0.00,0.60,
STP,Sub-Saharan Africa,2022,339148940.20,,,,0.00,0.00,1.45,
STP,Sub-Saharan Africa,2023,370751010.90,,,,0.00,352814411.20,0.94,
SUR,Latin America and the Caribbean,2021,3280495189.00,0.00,0.00,0.00,0.00,0.00,14.49,
SUR,Latin America and the Caribbean,2022,3396057595.00,0.00,0.00,0.00,0.00,0.00,11.03,
SUR,Latin America and the Caribbean,2023,3293605027.00,0.00,0.00,0.00,0.00,2968402591.00,20.62,
SVK,Europe and Central Asia,2021,0.00,75497474974.00,68200766080.00,7296708894.00,2.52,0.00,0.00,
SVK,Europe and Central Asia,2022,0.00,72584401488.00,65188785196.00,7395616292.00,2.57,0.00,0.00,
SVK,Europe and Central Asia,2023,0.00,83041312188.00,74245251794.00,8796060394.00,0.00,0.00,0.00,
SVN,Europe and Central Asia,2021,0.00,0.00,0.00,0.00,2.84,0.00,0.00,
SVN,Europe and Central Asia,2022,0.00,0.00,0.00,0.00,2.73,0.00,0.00,
SVN,Europe and Central Asia,2023,0.00,0.00,0.00,0.00,0.00,0.00,0.00,
SWE,Europe and Central Asia,2021,0.00,0.00,0.00,0.00,0.58,0.00,0.00,
SWE,Europe and Central Asia,2022,0.00,0.00,0.00,0.00,1.43,0.00,0.00,
SWE,Europe and Central Asia,2023,0.00,0.00,0.00,0.00,0.00,0.00,0.00,
SWZ,Sub-Saharan Africa,2021,856528438.00,,,,7.62,0.00,1.49,
SWZ,Sub-Saharan Africa,2022,967039345.70,,,,0.00,0.00,1.97,
SWZ,Sub-Saharan Africa,2023,926069588.50,,,,0.00,959627339.60,4.07,
SXM,Latin America and the Caribbean,2021,0.00,,,,0.00,0.00,0.00,
SXM,Latin America and the Caribbean,2022,0.00,,,,0.00,0.00,0.00,
SXM,Latin America and the Caribbean,2023,0.00,,,,0.00,0.00,0.00,
SYC,Sub-Saharan Africa,2021,0.00,0.00,0.00,0.00,0.00,0.00,0.00,
SYC,Sub-Saharan Africa,2022,0.00,0.00,0.00,0.00,0.00,0.00,0.00,
SYC,Sub-Saharan Africa,2023,0.00,0.00,0.00,0.00,0.00,0.00,0.00,
SYR,Middle East and North Africa,2021,3632210267.00,,,,0.00,0.00,0.00,
SYR,Middle East and North Africa,2022,3497976517.00,,,,0.00,0.00,0.05,
SYR,Middle East and North Africa,2023,3501530081.00,,,,0.00,4578103851.00,0.00,
TCA,Latin America and the Caribbean,2021,0.00,,,,0.00,0.00,0.00,
TCA,Latin America and the Caribbean,2022,0.00,,,,0.00,0.00,0.00,
TCA,Latin America and the Caribbean,2023,0.00,,,,0.00,0.00,0.00,
TCD,Sub-Saharan Africa,2021,2639247942.00,,,,0.00,0.00,2.85,
TCD,Sub-Saharan Africa,2022,2290013626.00,,,,0.00,0.00,3.44,
TCD,Sub-Saharan Africa,2023,2215097557.00,,,,0.00,2434496226.00,3.22,
TEA,Region Summary,2021,0.00,,,,11.01,0.00,2.30,
TEA,Region Summary,2022,0.00,,,,12.27,0.00,2.83,
TEA,Region Summary,2023,0.00,,,,0.00,0.00,2.64,
TEC,Region Summary,2021,0.00,,,,3.86,0.00,0.00,
TEC,Region Summary,2022,0.00,,,,3.81,0.00,0.00,
TEC,Region Summary,2023,0.00,,,,0.00,0.00,0.00,
TGO,Sub-Saharan Africa,2021,2451053114.00,0.00,0.00,0.00,15.99,0.00,2.05,
TGO,Sub-Saharan Africa,2022,2442536312.00,0.00,0.00,0.00,15.16,0.00,3.01,
TGO,Sub-Saharan Africa,2023,2679689484.00,0.00,0.00,0.00,0.00,2111483044.00,2.79,
THA,East Asia and Pacific,2021,128000000000.00,0.00,0.00,0.00,4.89,0.00,3.34,
THA,East Asia and Pacific,2022,127000000000.00,0.00,0.00,0.00,5.77,0.00,5.60,
THA,East Asia and Pacific,2023,120000000000.00,16459433598.00,297000000000.00,16459433598.00,5.49,37368479614.00,8.27,
TJK,Europe and Central Asia,2021,5537969278.00,0.00,0.00,0.00,9.50,0.00,4.67,
TJK,Europe and Central Asia,2022,5581642769.00,0.00,0.00,0.00,7.71,0.00,3.57,
TJK,Europe and Central Asia,2023,5674280260.00,0.00,0.00,0.00,0.00,3191231238.00,3.81,
TKM,Europe and Central Asia,2021,4568570608.00,,,,0.00,0.00,3.32,
TKM,Europe and Central Asia,2022,4147876659.00,,,,0.00,0.00,1.95,
TKM,Europe and Central Asia,2023,3517252539.00,,,,0.00,3795333616.00,1.93,
TLA,Region Summary,2021,0.00,,,,10.71,0.00,7.41,
TLA,Region Summary,2022,0.00,,,,11.76,0.00,5.52,
TLA,Region Summary,2023,0.00,,,,0.00,0.00,7.11,
TLS,East Asia and Pacific,2021,232407556.60,0.00,0.00,0.00,0.15,0.00,0.28,
TLS,East Asia and Pacific,2022,246418364.50,0.00,0.00,0.00,0.13,0.00,0.49,
TLS,East Asia and Pacific,2023,254756410.80,0.00,0.00,0.00,0.00,259088484.10,1.03,
TMN,Region Summary,2021,0.00,,,,0.00,0.00,2.98,
TMN,Region Summary,2022,0.00,,,,0.00,0.00,2.56,
TMN,Region Summary,2023,0.00,,,,0.00,0.00,2.75,
TON,East Asia and Pacific,2021,186246381.50,0.00,0.00,0.00,0.00,0.00,0.88,
TON,East Asia and Pacific,2022,165200236.80,0.00,0.00,0.00,0.00,0.00,2.03,
TON,East Asia and Pacific,2023,151362667.60,0.00,0.00,0.00,0.00,168586752.90,0.00,
TSA,Region Summary,2021,0.00,,,,24.03,0.00,1.87,
TSA,Region Summary,2022,0.00,,,,0.00,0.00,2.18,
TSA,Region Summary,2023,0.00,,,,0.00,0.00,2.46,
TSS,Region Summary,2021,0.00,,,,10.49,0.00,4.50,
TSS,Region Summary,2022,0.00,,,,0.00,0.00,4.30,
TSS,Region Summary,2023,0.00,,,,0.00,0.00,4.15,
TTO,Latin America and the Caribbean,2021,0.00,,,,0.00,0.00,0.00,
TTO,Latin America and the Caribbean,2022,0.00,,,,0.00,0.00,0.00,
TTO,Latin America and the Caribbean,2023,0.00,,,,0.00,0.00,0.00,
TUN,Middle East and North Africa,2021,26136955435.00,,,,0.00,0.00,9.59,
TUN,Middle East and North Africa,2022,24209384206.00,,,,0.00,0.00,9.59,
TUN,Middle East and North Africa,2023,24795860931.00,,,,0.00,22335971711.00,11.29,
TUR,Europe and Central Asia,2021,310000000000.00,0.00,0.00,0.00,10.23,0.00,9.01,
TUR,Europe and Central Asia,2022,302000000000.00,0.00,0.00,0.00,15.86,0.00,7.72,
TUR,Europe and Central Asia,2023,318000000000.00,0.00,0.00,0.00,0.00,152000000000.00,6.90,
TUV,East Asia and Pacific,2021,0.00,,,,0.00,0.00,0.00,
TUV,East Asia and Pacific,2022,0.00,,,,0.00,0.00,0.00,
TUV,East Asia and Pacific,2023,0.00,,,,0.00,0.00,0.00,
TZA,Sub-Saharan Africa,2021,23605608242.00,0.00,0.00,0.00,9.90,0.00,2.82,
TZA,Sub-Saharan Africa,2022,24626414620.00,0.00,0.00,0.00,9.75,0.00,2.68,
TZA,Sub-Saharan Africa,2023,28460964290.00,0.00,0.00,0.00,0.00,19177682233.00,2.89,
UGA,Sub-Saharan Africa,2021,16717546449.00,0.00,0.00,0.00,17.54,0.00,1.95,
UGA,Sub-Saharan Africa,2022,17151895184.00,25828543533.00,20382182217.00,5446361317.00,18.01,0.00,2.09,
UGA,Sub-Saharan Africa,2023,17000767514.00,28257552128.00,22384487582.00,5873064547.00,0.00,11436227527.00,4.96,
UKR,Europe and Central Asia,2021,99159062515.00,,,,8.44,0.00,7.47,
UKR,Europe and Central Asia,2022,113000000000.00,,,,5.27,0.00,6.45,
UKR,Europe and Central Asia,2023,139000000000.00,,,,0.00,96718815179.00,4.26,
UMC,Other summary,2021,4240000000000.00,,,,7.87,0.00,3.50,
UMC,Other summary,2022,4120000000000.00,,,,8.85,0.00,3.61,
UMC,Other summary,2023,4150000000000.00,,,,0.00,2200000000000.00,3.81,
URY,Latin America and the Caribbean,2021,0.00,0.00,0.00,0.00,0.00,0.00,0.00,
URY,Latin America and the Caribbean,2022,0.00,0.00,0.00,0.00,0.00,0.00,0.00,
URY,Latin America and the Caribbean,2023,0.00,0.00,0.00,0.00,0.00,0.00,0.00,
USA,North America,2021,0.00,0.00,0.00,0.00,7.89,0.00,0.00,
USA,North America,2022,0.00,0.00,0.00,0.00,11.51,0.00,0.00,
USA,North America,2023,0.00,0.00,0.00,0.00,14.27,0.00,0.00,
UZB,Europe and Central Asia,2021,35551488253.00,,,,1.21,0.00,5.87,
UZB,Europe and Central Asia,2022,41295861263.00,,,,1.51,0.00,7.87,
UZB,Europe and Central Asia,2023,50995848160.00,,,,0.00,27184844704.00,8.47,
VCT,Latin America and the Caribbean,2021,449040632.60,,,,0.00,0.00,3.75,
VCT,Latin America and the Caribbean,2022,500646974.40,,,,0.00,0.00,3.61,
VCT,Latin America and the Caribbean,2023,575628523.20,,,,0.00,502861844.50,3.61,
VEN,Latin America and the Caribbean,2021,0.00,,,,0.00,0.00,0.00,
VEN,Latin America and the Caribbean,2022,0.00,,,,0.00,0.00,0.00,
VEN,Latin America and the Caribbean,2023,0.00,,,,0.00,0.00,0.00,
VGB,Latin America and the Caribbean,2021,0.00,,,,0.00,0.00,0.00,
VGB,Latin America and the Caribbean,2022,0.00,,,,0.00,0.00,0.00,
VGB,Latin America and the Caribbean,2023,0.00,,,,0.00,0.00,0.00,
VIR,Latin America and the Caribbean,2021,0.00,,,,0.00,0.00,0.00,
VIR,Latin America and the Caribbean,2022,0.00,,,,0.00,0.00,0.00,
VIR,Latin America and the Caribbean,2023,0.00,,,,0.00,0.00,0.00,
VNM,East Asia and Pacific,2021,105000000000.00,,,,0.00,0.00,5.95,
VNM,East Asia and Pacific,2022,107000000000.00,,,,0.00,0.00,6.72,
VNM,East Asia and Pacific,2023,105000000000.00,,,,0.00,37055227573.00,7.03,
VUT,East Asia and Pacific,2021,373853896.60,,,,2.54,0.00,1.61,
VUT,East Asia and Pacific,2022,374001825.30,,,,0.00,0.00,1.88,
VUT,East Asia and Pacific,2023,362290706.00,,,,0.00,329915494.50,1.99,
WLD,World,2021,0.00,,,,5.86,0.00,0.00,
WLD,World,2022,0.00,,,,5.77,0.00,0.00,
WLD,World,2023,0.00,,,,0.00,0.00,0.00,
WSM,East Asia and Pacific,2021,394581850.50,,,,0.88,0.00,2.17,
WSM,East Asia and Pacific,2022,341648094.40,,,,0.00,0.00,4.84,
WSM,East Asia and Pacific,2023,308627272.60,,,,0.00,289446291.60,4.23,
XKX,Europe and Central Asia,2021,1982429726.00,0.00,0.00,0.00,0.00,0.00,4.28,
XKX,Europe and Central Asia,2022,2175485058.00,0.00,0.00,0.00,0.00,0.00,3.19,
XKX,Europe and Central Asia,2023,2525228737.00,0.00,0.00,0.00,0.00,829126953.20,2.41,
YEM,Middle East and North Africa,2021,6107650687.00,,,,0.00,0.00,0.00,
YEM,Middle East and North Africa,2022,5895706366.00,,,,0.00,0.00,0.00,
YEM,Middle East and North Africa,2023,5814628864.00,,,,0.00,6688092520.00,0.00,
ZAF,Sub-Saharan Africa,2021,122000000000.00,521000000000.00,281000000000.00,240000000000.00,12.92,0.00,6.46,
ZAF,Sub-Saharan Africa,2022,118000000000.00,496000000000.00,276000000000.00,220000000000.00,14.14,0.00,6.93,
ZAF,Sub-Saharan Africa,2023,114000000000.00,476000000000.00,270000000000.00,206000000000.00,0.00,95554535436.00,6.10,
ZMB,Sub-Saharan Africa,2021,23593453155.00,,,,26.53,0.00,8.81,
ZMB,Sub-Saharan Africa,2022,23676835937.00,,,,0.00,0.00,5.34,
ZMB,Sub-Saharan Africa,2023,23700678366.00,,,,0.00,17613114677.00,3.61,
ZWE,Sub-Saharan Africa,2021,8654909272.00,,,,0.00,0.00,2.28,
ZWE,Sub-Saharan Africa,2022,8495440391.00,,,,0.00,0.00,1.42,
ZWE,Sub-Saharan Africa,2023,8911016023.00,,,,0.00,6813700488.00,3.34,